{"cameraMode":{"drawMode":0,"name":"Shaded","section":"Shading Mode"},"sceneLighting":false,"audioPlay":false,"sceneViewState":{"m_AlwaysRefresh":false,"showFog":false,"showSkybox":false,"showFlares":true,"showImageEffects":true,"showParticleSystems":true,"showVisualEffectGraphs":true,"m_FxEnabled":true},"in2DMode":false,"pivot":{"x":0.7262532711029053,"y":1.0848472118377686,"z":0.29458463191986086},"rotation":{"x":-0.06063248589634895,"y":0.4396052062511444,"z":-0.029588231816887857,"w":-0.8959295749664307},"size":0.8580662608146668,"orthographic":false}