{"cameraMode":{"drawMode":0,"name":"Shaded","section":"Shading Mode"},"sceneLighting":false,"audioPlay":false,"sceneViewState":{"m_AlwaysRefresh":false,"showFog":false,"showSkybox":false,"showFlares":true,"showImageEffects":true,"showParticleSystems":true,"showVisualEffectGraphs":true,"m_FxEnabled":true},"in2DMode":false,"pivot":{"x":-1.013636589050293,"y":4.3996477127075199,"z":-1.8223934173583985},"rotation":{"x":0.010526583530008793,"y":0.9565757513046265,"z":-0.2911509871482849,"w":0.030194956809282304},"size":8.361281394958496,"orthographic":false}