{"cameraMode":{"drawMode":0,"name":"Shaded","section":"Shading Mode"},"sceneLighting":false,"audioPlay":false,"sceneViewState":{"m_AlwaysRefresh":false,"showFog":false,"showSkybox":false,"showFlares":true,"showImageEffects":true,"showParticleSystems":true,"showVisualEffectGraphs":true,"m_FxEnabled":true},"in2DMode":false,"pivot":{"x":-0.767474889755249,"y":0.042587850242853168,"z":0.5119590759277344},"rotation":{"x":0.306962251663208,"y":0.01313615869730711,"z":-0.004215499386191368,"w":0.9517143964767456},"size":2.7263214588165285,"orthographic":false}