{"cameraMode":{"drawMode":0,"name":"Shaded","section":"Shading Mode"},"sceneLighting":true,"audioPlay":false,"sceneViewState":{"m_AlwaysRefresh":false,"showFog":false,"showSkybox":false,"showFlares":true,"showImageEffects":true,"showParticleSystems":true,"showVisualEffectGraphs":true,"m_FxEnabled":true},"in2DMode":false,"pivot":{"x":-11.771001815795899,"y":2.1813886165618898,"z":-7.276321887969971},"rotation":{"x":0.00854652188718319,"y":-0.8788665533065796,"z":0.015848815441131593,"w":0.4773254692554474},"size":9.533970832824707,"orthographic":false}