{"cameraMode":{"drawMode":0,"name":"Shaded","section":"Shading Mode"},"sceneLighting":false,"audioPlay":false,"sceneViewState":{"m_AlwaysRefresh":false,"showFog":false,"showSkybox":false,"showFlares":true,"showImageEffects":true,"showParticleSystems":true,"showVisualEffectGraphs":true,"m_FxEnabled":true},"in2DMode":false,"pivot":{"x":0.3475077152252197,"y":3.2133166790008547,"z":0.26255321502685549},"rotation":{"x":-0.15452037751674653,"y":0.10540036112070084,"z":-0.016676904633641244,"w":-0.9825228452682495},"size":6.362510681152344,"orthographic":false}