{"cameraMode":{"drawMode":0,"name":"Shaded","section":"Shading Mode"},"sceneLighting":false,"audioPlay":false,"sceneViewState":{"m_AlwaysRefresh":false,"showFog":false,"showSkybox":false,"showFlares":true,"showImageEffects":true,"showParticleSystems":true,"showVisualEffectGraphs":true,"m_FxEnabled":true},"in2DMode":false,"pivot":{"x":-2.3593316078186037,"y":7.864850044250488,"z":-3.7946691513061525},"rotation":{"x":-0.11676988005638123,"y":0.006869361270219088,"z":-0.002082039834931493,"w":-0.9935426712036133},"size":6.266026496887207,"orthographic":false}