{"cameraMode":{"drawMode":0,"name":"Shaded","section":"Shading Mode"},"sceneLighting":false,"audioPlay":false,"sceneViewState":{"m_AlwaysRefresh":false,"showFog":false,"showSkybox":false,"showFlares":true,"showImageEffects":true,"showParticleSystems":true,"showVisualEffectGraphs":true,"m_FxEnabled":true},"in2DMode":false,"pivot":{"x":-11.720952987670899,"y":4.463227272033691,"z":0.06451988220214844},"rotation":{"x":0.2026618868112564,"y":0.11427731066942215,"z":-0.02382010966539383,"w":0.9722684025764465},"size":11.465447425842286,"orthographic":false}