{"cameraMode":{"drawMode":0,"name":"Shaded","section":"Shading Mode"},"sceneLighting":false,"audioPlay":false,"sceneViewState":{"m_AlwaysRefresh":false,"showFog":false,"showSkybox":false,"showFlares":true,"showImageEffects":true,"showParticleSystems":true,"showVisualEffectGraphs":true,"m_FxEnabled":true},"in2DMode":false,"pivot":{"x":1.1088676452636719,"y":0.7239319682121277,"z":-2.984682559967041},"rotation":{"x":0.011710836552083493,"y":0.9822766184806824,"z":-0.058849819004535678,"w":0.18052056431770326},"size":3.007394790649414,"orthographic":false}