{"cameraMode":{"drawMode":0,"name":"Shaded","section":"Shading Mode"},"sceneLighting":false,"audioPlay":false,"sceneViewState":{"m_AlwaysRefresh":false,"showFog":false,"showSkybox":false,"showFlares":true,"showImageEffects":true,"showParticleSystems":true,"showVisualEffectGraphs":true,"m_FxEnabled":true},"in2DMode":false,"pivot":{"x":-0.4487088918685913,"y":1.3934788703918458,"z":-1.8116838932037354},"rotation":{"x":-0.2924458086490631,"y":-0.28082558512687685,"z":0.08887564390897751,"w":-0.9102001190185547},"size":1.7496857643127442,"orthographic":false}