{"cameraMode":{"drawMode":0,"name":"Shaded","section":"Shading Mode"},"sceneLighting":true,"audioPlay":false,"sceneViewState":{"m_AlwaysRefresh":false,"showFog":false,"showSkybox":false,"showFlares":true,"showImageEffects":true,"showParticleSystems":true,"showVisualEffectGraphs":true,"m_FxEnabled":true},"in2DMode":false,"pivot":{"x":-1.317909598350525,"y":6.300012588500977,"z":8.717357635498047},"rotation":{"x":-0.0033788857981562616,"y":-0.9858835935592651,"z":0.16874852776527406,"w":-0.024744097143411638},"size":6.085835933685303,"orthographic":false}