{"cameraMode":{"drawMode":0,"name":"Shaded","section":"Shading Mode"},"sceneLighting":false,"audioPlay":false,"sceneViewState":{"m_AlwaysRefresh":false,"showFog":false,"showSkybox":false,"showFlares":true,"showImageEffects":true,"showParticleSystems":true,"showVisualEffectGraphs":true,"m_FxEnabled":true},"in2DMode":false,"pivot":{"x":-0.2776041626930237,"y":1.0495047569274903,"z":0.1333898901939392},"rotation":{"x":0.033783573657274249,"y":0.1982475370168686,"z":0.006998809054493904,"w":-0.9797971248626709},"size":1.1560041904449463,"orthographic":false}