{"cameraMode":{"drawMode":0,"name":"Shaded","section":"Shading Mode"},"sceneLighting":false,"audioPlay":false,"sceneViewState":{"m_AlwaysRefresh":false,"showFog":false,"showSkybox":false,"showFlares":true,"showImageEffects":true,"showParticleSystems":true,"showVisualEffectGraphs":true,"m_FxEnabled":true},"in2DMode":false,"pivot":{"x":0.299144983291626,"y":0.7721754908561707,"z":1.385683298110962},"rotation":{"x":-0.0009615127346478403,"y":0.988070547580719,"z":-0.1569330096244812,"w":-0.011698288843035698},"size":0.6073950529098511,"orthographic":false}