{"cameraMode":{"drawMode":0,"name":"Shaded","section":"Shading Mode"},"sceneLighting":false,"audioPlay":false,"sceneViewState":{"m_AlwaysRefresh":false,"showFog":false,"showSkybox":false,"showFlares":true,"showImageEffects":true,"showParticleSystems":true,"showVisualEffectGraphs":true,"m_FxEnabled":true},"in2DMode":false,"pivot":{"x":-0.28037211298942568,"y":5.348539352416992,"z":-9.805107116699219},"rotation":{"x":0.001028386875987053,"y":1.0002919435501099,"z":-0.008997810073196888,"w":0.005400081630796194},"size":6.648459434509277,"orthographic":false}